Control_10h	Control_24h	Control_2h	Control_6h	Virus_10h	Virus_24h	Virus_2h	Virus_6h	Contrib.Control_10h	Contrib.Control_24h	Contrib.Control_2h	Contrib.Control_6h	Contrib.Virus_10h	Contrib.Virus_24h	Contrib.Virus_2h	Contrib.Virus_6h	Contrib	GroupContrib	color	importance
P0DTC6	-0.404329560635008	-0.378603445097053	-0.428937794903691	-0.398587253320212	-0.186597476193311	2.51369001088675	-0.435859819230538	-0.331364524579105	FALSE	FALSE	FALSE	FALSE	FALSE	TRUE	FALSE	FALSE	FALSE	Virus_24h	#F0E442	-0.327713647511744
P0DTC1	-0.398733189802134	-0.409762914462004	-0.419105913600899	-0.413885299386259	-0.116143879142423	2.5462713448011	-0.424255056709166	-0.364385091698214	FALSE	FALSE	FALSE	FALSE	FALSE	TRUE	FALSE	FALSE	FALSE	Virus_24h	#F0E442	-0.304832899680701
P06748	-0.452567531073964	-0.371048366919263	0.00125856681625262	-0.650622205109169	-0.151716070528323	2.54266995975652	-0.522554059375833	-0.306148029021316	FALSE	FALSE	FALSE	FALSE	FALSE	TRUE	FALSE	FALSE	FALSE	Virus_24h	#F0E442	-0.297298027735504
P0DTC2	-0.406160799757757	-0.406700287935018	-0.414640461032951	-0.391133104033834	0.0531771386199654	2.3067916474125	-0.413429378585266	-0.332915292525387	FALSE	FALSE	FALSE	FALSE	FALSE	TRUE	FALSE	FALSE	FALSE	Virus_24h	#F0E442	-0.288313386807352
Q15465	0.389964308378366	0.852632284522605	0.260886740046984	0.217666775849931	0.184755879689199	-2.63468724066773	0.513529975957594	0.302554833850502	FALSE	TRUE	FALSE	FALSE	FALSE	FALSE	FALSE	FALSE	FALSE	Control_24h	#F68B33	0.259864008559005
Q99519	0.372230983034459	0.220625161071146	0.145207558984132	0.736431259257656	0.394150127001242	-2.50972244000986	0.177325060527904	0.467162415451467	FALSE	FALSE	FALSE	TRUE	FALSE	FALSE	FALSE	FALSE	FALSE	Control_6h	#009E73	0.236015861630527
Q9NPE3	-0.226368720669573	-0.765533719668497	0.115723716802467	-0.0569612141491315	-0.444832111126149	2.42094964189572	-0.477021351266606	-0.481380644590229	FALSE	FALSE	FALSE	FALSE	FALSE	TRUE	FALSE	FALSE	FALSE	Virus_24h	#F0E442	-0.198301261182801
P0DTD2	-0.344700815733785	-0.338527962166876	-0.340559481658731	-0.33590728742206	-0.120204612506775	2.10585424297659	-0.334193164984823	-0.314647674872138	FALSE	FALSE	FALSE	FALSE	FALSE	TRUE	FALSE	FALSE	FALSE	Virus_24h	#F0E442	-0.175172901504791
Q7Z3J2	-0.0321714702538306	-0.800890129563418	-0.0959656009766577	-0.35704694358163	-0.298496122476182	2.2892724872609	-0.491486572518396	-0.70025189051166	FALSE	FALSE	FALSE	FALSE	FALSE	TRUE	FALSE	FALSE	FALSE	Virus_24h	#F0E442	-0.172981318303006
P38646	-0.711832040841416	-0.17502570297092	0.200627526936735	-0.509463922063707	-0.209392645413816	2.3708132610766	-0.583837817483876	-0.504695153202468	FALSE	FALSE	FALSE	FALSE	FALSE	TRUE	FALSE	FALSE	FALSE	Virus_24h	#F0E442	-0.172814100894171
Q2TAA5	-0.529790034172315	-0.611791135969916	-0.451990287418002	-0.472482762390999	-0.033440062352086	2.29362483453936	0.0576738246478492	-0.536016604630874	FALSE	FALSE	FALSE	FALSE	FALSE	TRUE	FALSE	FALSE	FALSE	Virus_24h	#F0E442	-0.171802246296077
P0DTC9	-0.354583644150081	-0.354717819152339	-0.351976783937066	-0.355619866922384	-0.045453516100632	2.11106723170797	-0.355544790141193	-0.293170811304281	FALSE	FALSE	FALSE	FALSE	FALSE	TRUE	FALSE	FALSE	FALSE	Virus_24h	#F0E442	-0.169751810539412
O95274	-0.452867335687751	-0.126715019036783	-0.670423686856454	0.023223424048543	-0.247807201957472	2.56065916559201	-0.409734948160935	-0.429830687507224	FALSE	FALSE	FALSE	FALSE	FALSE	TRUE	FALSE	FALSE	FALSE	Virus_24h	#F0E442	-0.16726806574113
P0DTC3	-0.427334532894592	-0.436659205857573	-0.442042611524717	-0.428829042588341	-0.179707050339061	2.77047897346866	-0.441389009904349	-0.397719011495967	FALSE	FALSE	FALSE	FALSE	FALSE	TRUE	FALSE	FALSE	FALSE	Virus_24h	#F0E442	-0.157319933816853
O15162	-0.125101519548612	-0.636136161498807	-0.203536527614795	-0.621945809142699	-0.0397281905979232	2.2171396331601	-0.202618862592113	-0.574634786549868	FALSE	FALSE	FALSE	FALSE	FALSE	TRUE	FALSE	FALSE	FALSE	Virus_24h	#F0E442	-0.156095045019559
Q3ZCQ8	-0.639527115887938	-0.134759590159427	0.281819770928218	-0.507681959626413	-0.216828470243096	2.24716620706399	-0.460654787658574	-0.623461549972367	FALSE	FALSE	FALSE	FALSE	FALSE	TRUE	FALSE	FALSE	FALSE	Virus_24h	#F0E442	-0.148964639674059
P23284	-0.926144761673158	-0.344263241740302	0.117291075785914	-0.207117480029122	-0.243780422609927	2.63587642986728	-0.564357146306857	-0.63934814491104	FALSE	FALSE	FALSE	FALSE	FALSE	TRUE	FALSE	FALSE	FALSE	Virus_24h	#F0E442	-0.136764838349011
P02647	0.646445035068237	-0.0335140280464482	0.771553105157829	0.269473287354366	-0.127038696037432	-2.35257134551516	0.445447616311783	0.391091134531928	FALSE	FALSE	TRUE	FALSE	FALSE	FALSE	FALSE	FALSE	FALSE	Control_2h	#C2C2C2	0.135389773553905
O94788	-0.332733741576643	-0.609617468510446	0.190010701872764	-0.0709091409112455	-0.642242955559119	2.4127318834651	-0.470826803036725	-0.529455797382215	FALSE	FALSE	FALSE	FALSE	FALSE	TRUE	FALSE	FALSE	FALSE	Virus_24h	#F0E442	-0.132543948723314
Q9Y5Y6	0.38649609390496	0.439924358360776	0.518394935716087	0.738178581351703	0.365155206731422	-2.6548413264202	0.169179594662705	0.0433662766270706	FALSE	FALSE	FALSE	TRUE	FALSE	FALSE	FALSE	FALSE	FALSE	Control_6h	#009E73	0.130828653261282
P61313	-0.350091537241985	-0.353092177720072	0.0127925125326756	-0.69854961544873	-0.19781844632555	2.84700035710262	-0.44231959679408	-0.546393177216852	FALSE	FALSE	FALSE	FALSE	FALSE	TRUE	FALSE	FALSE	FALSE	Virus_24h	#F0E442	-0.12299257666844
Q06481	0.758218468429676	-0.167229782510965	0.3691390361412	0.593647962699578	0.221150156865452	-2.48368148778314	0.0647340381191728	0.339559020692502	TRUE	FALSE	FALSE	FALSE	FALSE	FALSE	FALSE	FALSE	FALSE	Control_10h	#388ECC	0.111008597347085
Q92743	-0.35685594997576	-0.391145923499301	-0.367149163390034	-0.799382264271668	-0.62057465746252	2.42878109199004	0.00509720356858954	-0.131469208122188	FALSE	FALSE	FALSE	FALSE	FALSE	TRUE	FALSE	FALSE	FALSE	Virus_24h	#F0E442	-0.110267110427795
Q9C0E2	-0.247335269933349	-0.0938116102478577	-0.38586484810915	-0.915051848294024	-0.20996820510173	2.40113478441977	-0.242428180529573	-0.26511435868322	FALSE	FALSE	FALSE	FALSE	FALSE	TRUE	FALSE	FALSE	FALSE	Virus_24h	#F0E442	-0.109782556046259
Q9UBS4	-0.138304150803696	-0.527225849446439	0.0468186006263837	-0.134553416049111	-0.544420093144375	2.28175162010861	-0.484409545329281	-0.601115943695848	FALSE	FALSE	FALSE	FALSE	FALSE	TRUE	FALSE	FALSE	FALSE	Virus_24h	#F0E442	-0.108835631418624
P04264_P04259_P02538_Q9H552_P04264_H.INV.HIT000292931_P05787_P13647	-0.463197151174243	-0.654943312102746	-0.368395827942071	-0.164677923019917	0.0339010134798149	2.40394380426101	-0.562388241252333	-0.649434712684353	FALSE	FALSE	FALSE	FALSE	FALSE	TRUE	FALSE	FALSE	FALSE	Virus_24h	#F0E442	-0.100295098266887
P10809	-0.966744438731357	-0.633580469110637	0.0987766996130405	-0.211773561232977	-0.231417138187133	2.1802125671532	-0.276275504187217	-0.324750303412663	FALSE	FALSE	FALSE	FALSE	FALSE	TRUE	FALSE	FALSE	FALSE	Virus_24h	#F0E442	-0.0894956248075005
Q7LG56	0.15159646294343	0.206382292864787	0.0644880687941062	0.937924350188681	0.249513879998446	-2.20463625580024	0.464071027650187	0.506446549072692	FALSE	FALSE	FALSE	TRUE	FALSE	FALSE	FALSE	FALSE	FALSE	Control_6h	#009E73	0.0890729895258408
Q9Y4D8	-0.30209420427595	-0.404082530323103	-0.099572150385225	-0.228455318539841	-0.354580942609987	2.53686120136057	-0.517147180330237	-0.554709756333924	FALSE	FALSE	FALSE	FALSE	FALSE	TRUE	FALSE	FALSE	FALSE	Virus_24h	#F0E442	-0.0878993971748014
P05783_P05784	-0.231145801790687	-0.559413481872463	-0.416402666502898	-0.207292321479367	-0.149403582137854	2.48942997135794	-0.669275725658417	-0.688095456353663	FALSE	FALSE	FALSE	FALSE	FALSE	TRUE	FALSE	FALSE	FALSE	Virus_24h	#F0E442	-0.0874661211975861
Q04837	-0.400106830568284	-0.84601915592091	0.0291374368648844	-0.30637702392697	-0.336630881670315	2.26080355891271	-0.289424237271969	-0.0185862613216171	FALSE	FALSE	FALSE	FALSE	FALSE	TRUE	FALSE	FALSE	FALSE	Virus_24h	#F0E442	-0.0821444803750709
O60506	-0.920813398529736	-0.799588087671638	0.390286256879129	-0.347312292764139	-0.018137617036324	2.16630004184375	-0.377133572398664	-0.502814548917466	FALSE	FALSE	FALSE	FALSE	FALSE	TRUE	FALSE	FALSE	FALSE	Virus_24h	#F0E442	-0.0751219327377685
P46060	-0.735897034894829	0.0308947115778949	0.155671190121839	-0.846031066508842	-0.0468160660702485	2.4670904329759	-0.216518949766859	-0.498456297634918	FALSE	FALSE	FALSE	FALSE	FALSE	TRUE	FALSE	FALSE	FALSE	Virus_24h	#F0E442	-0.0656522814070741
O43291	0.641976617481209	-0.17020634382996	0.67202890408923	0.439896096953637	0.536556767872011	-2.48150974246041	0.655316939446322	0.0893701490164619	FALSE	FALSE	TRUE	FALSE	FALSE	FALSE	FALSE	FALSE	FALSE	Control_2h	#C2C2C2	0.0625464722416899
Q8WVM7	-0.250386495811498	-0.354846157530591	-0.257106265786784	-0.296764531805889	-0.173554131031728	1.87221400542702	-0.298007580040055	-0.263254798365269	FALSE	FALSE	FALSE	FALSE	FALSE	TRUE	FALSE	FALSE	FALSE	Virus_24h	#F0E442	-0.0579926897601831
P05787	-0.284649615583392	-0.760468582767483	-0.526158296395197	0.0849496549032124	0.137083192363226	2.30594645682991	-0.681906875128378	-0.467752280291006	FALSE	FALSE	FALSE	FALSE	FALSE	TRUE	FALSE	FALSE	FALSE	Virus_24h	#F0E442	-0.0577103286718935
P46934_Q96PU5	0.17627914472862	0.944820070437438	-0.175397367031941	0.540355980581565	0.379902182290277	-2.43018151372806	0.580605884153322	0.265123241144929	FALSE	TRUE	FALSE	FALSE	FALSE	FALSE	FALSE	FALSE	FALSE	Control_24h	#F68B33	0.0510086080117119
Q9UPN7	-0.553217229541784	-0.341007237141439	-0.363757084807102	-0.480227892010338	-0.151474871859808	2.99434377499565	-0.422012643195269	-0.456634049770559	FALSE	FALSE	FALSE	FALSE	FALSE	TRUE	FALSE	FALSE	FALSE	Virus_24h	#F0E442	-0.0428994269739527
P60709_P0CG38	-0.343267482200465	-0.498916459995207	-0.0659584765489298	-0.402028397950231	-0.575453287473281	2.28086051138706	-0.310420347269426	-0.581335011501145	FALSE	FALSE	FALSE	FALSE	FALSE	TRUE	FALSE	FALSE	FALSE	Virus_24h	#F0E442	-0.0395782842818575
Q9BZL1	1.00494061696582	0.507941533065136	0.0821331849576243	0.198689665557958	0.381402605951851	-2.46632731594104	-0.183994666063357	0.322158804517528	TRUE	FALSE	FALSE	FALSE	FALSE	FALSE	FALSE	FALSE	FALSE	Control_10h	#388ECC	0.0381998463618564
P05783	-0.0346403314461796	-0.745463514072253	-0.510757974990692	0.0556204616801259	0.0468937612698828	2.21490842580831	-0.84396387373801	-0.560833402444576	FALSE	FALSE	FALSE	FALSE	FALSE	TRUE	FALSE	FALSE	FALSE	Virus_24h	#F0E442	-0.0369074421209293
Q01105	-0.572463379801287	-0.560900513282014	0.256933500631453	-0.437531134193893	0.15286731919903	2.07470217781002	-0.454890326684702	-0.285507686056089	FALSE	FALSE	FALSE	FALSE	FALSE	TRUE	FALSE	FALSE	FALSE	Virus_24h	#F0E442	-0.033006649067864
O43169	-0.623656746239484	-0.387721829838417	0.0353317003513672	-0.396130023373143	-0.414115718401811	2.25912942706518	-0.458950684839341	-0.585127158977536	FALSE	FALSE	FALSE	FALSE	FALSE	TRUE	FALSE	FALSE	FALSE	Virus_24h	#F0E442	-0.0311499133700799
P11021	-0.262336238751836	-0.474527174489026	-0.709230170651743	-0.648882717660004	0.424681211442751	2.22178814734662	-0.687870473752409	0.000972485003217451	FALSE	FALSE	FALSE	FALSE	FALSE	TRUE	FALSE	FALSE	FALSE	Virus_24h	#F0E442	-0.030080776319868
P30405	-0.362099413553014	-0.584536414953269	-0.265982849285073	0.0497822954952452	-0.17148613610556	2.49778844351149	-0.608520431586008	-0.601624867737503	FALSE	FALSE	FALSE	FALSE	FALSE	TRUE	FALSE	FALSE	FALSE	Virus_24h	#F0E442	-0.0254325909915042
Q14573	-0.661185855734088	-0.155763505979866	-0.442068935457566	-0.456840847402232	0.245615364480379	2.26829862004532	-0.231024740966659	-0.583103046966264	FALSE	FALSE	FALSE	FALSE	FALSE	TRUE	FALSE	FALSE	FALSE	Virus_24h	#F0E442	-0.0199036812876483
H.INV.HIT000292931_P05787	-0.146967908958769	-0.947618583634604	-0.543612218443922	-0.0170753975053234	-0.104416628921251	2.28380387768352	-0.773259484262758	-0.429780813588208	FALSE	FALSE	FALSE	FALSE	FALSE	TRUE	FALSE	FALSE	FALSE	Virus_24h	#F0E442	-0.0173727984676386
P84243	0.212471928169283	-0.226122930013413	0.869736971583746	0.968115785713674	-0.0487069244259918	-2.39407170800011	0.524937802601986	0.486593541480986	FALSE	FALSE	FALSE	TRUE	FALSE	FALSE	FALSE	FALSE	FALSE	Control_6h	#009E73	0.0171714681260818
Q9H9B4	-0.392799717879203	-0.309411075512486	-0.422666498339097	-0.494655864359036	-0.00657955446445719	2.41898094503732	0.0387101164060363	-0.603949329832778	FALSE	FALSE	FALSE	FALSE	FALSE	TRUE	FALSE	FALSE	FALSE	Virus_24h	#F0E442	-0.011188917504954
Q06481_P05067	0.136446525774361	0.531105278191587	0.785087346782107	0.665773466100137	-0.602789435301671	-2.32445863945581	0.497648496408279	0.264812241315742	FALSE	FALSE	TRUE	FALSE	FALSE	FALSE	FALSE	FALSE	FALSE	Control_2h	#C2C2C2	0.00734604150902984
